-- Popolamento tabelle eDevice 
USE eDevice;

BEGIN;
INSERT INTO Categoria VALUES('Smartphone'), ('Lavatrice'), ('Frigorifero'), ('PC');
COMMIT;

BEGIN;
INSERT INTO InfoProdotto VALUES ('Apple', 'IP10AB', 'Smartphone', 'IPhone X', '2'), ('Samsung', 'SM-G960', 'Smartphone', 'Galaxy S9', '2'), ('LG', 'LMG710', 'Smartphone', 'G7', '2'),
                                ('Apple', 'a1466', 'PC', 'MacBook Air', '4'), ('Samsung', 'SM-W720NZ', 'PC', 'Galaxy Book', '4'),
                                ('LG', 'GS960NSAZ', 'Frigorifero', 'Frigorifero InstaView', '6'), ('Samsung', 'RB29FERNTSA', 'Frigorifero', 'Frigorifero Air Space EcoFlex', '6'),
                                ('Samsung', 'WW70K5410', 'Lavatrice', 'AddWash', '6'), ('LG', 'FH2J3TDN0', 'Lavatrice', 'Lavatrice Standard', '6');
COMMIT;

BEGIN;
INSERT INTO ProdottoElettronico(Marca, Modello, Colore, Prezzo, SogliaResi, DataUscita) 
VALUES ('Apple', 'IP10AB', 'Bianco', '499.00', '100', '2017-03-01'), ('Apple', 'IP10AB', 'Nero', '549.00', '100', '2017-03-01'),
       ('Samsung', 'SM-G960', 'Bianco', '599.00', '100', '2018-03-16'), ('Samsung', 'SM-G960', 'Nero', '649.00', '100', '2018-03-16'),
       ('LG', 'LMG710', 'Grigio', '399.00', '100', '2018-05-02'), ('LG', 'LMG710', 'Nero', '449.00', '100', '2018-05-02'),
       ('Apple', 'a1466', 'Grigio', '1149.00', '100', '2019-12-10'), ('Apple', 'a1466', 'Nero', '1159.00', '100', '2019-12-10'),
       ('Samsung', 'SM-W720NZ', 'Grigio', '1229.00', '100', '2020-04-21'), ('Samsung', 'SM-W720NZ', 'Nero', '1279.00', '100', '2020-04-21'),
	   ('LG', 'GS960NSAZ', 'Grigio', '1999.00', '100', '2020-03-18'), ('LG', 'GS960NSAZ', 'Nero', '2049.00', '100', '2020-03-18'),
       ('Samsung', 'RB29FERNTSA', 'Grigio', '779.00', '100', '2019-11-24'), ('Samsung', 'RB29FERNTSA', 'Nero', '829.00', '100', '2019-11-24'),
       ('Samsung', 'WW70K5410', 'Bianco', '1799.00', '100', '2020-01-23'),
       ('LG', 'FH2J3TDN0', 'Bianco', '949.00', '100', '2019-04-12');
COMMIT;

BEGIN;
INSERT INTO CaratteristicaProdotto VALUES ('RAM', 'GB'), ('MemoriaInterna', 'GB'), ('NumeroSim', null), ('CapacitaNetta', 'Litri'),
										  ('CapacitaCestello', 'Chilogrammi');
COMMIT;

BEGIN;
INSERT INTO Variazione VALUES ('1', 'RAM', '3'), ('1', 'MemoriaInterna', '64'), ('1', 'NumeroSim', '1'), ('2', 'RAM', '3'), ('2', 'MemoriaInterna', '128'), ('2', 'NumeroSim', '1'),
							  ('3', 'RAM', '3'), ('3', 'MemoriaInterna', '64'), ('3', 'NumeroSim', '1'), ('4', 'RAM', '3'), ('4', 'MemoriaInterna', '128'), ('4', 'NumeroSim', '1'),
                              ('5', 'RAM', '4'), ('5', 'MemoriaInterna', '64'), ('5', 'NumeroSim', '1'), ('6', 'RAM', '4'), ('6', 'MemoriaInterna', '128'), ('6', 'NumeroSim', '1'),
                              ('7', 'RAM', '8'), ('7', 'MemoriaInterna', '500'), ('8', 'RAM', '6'), ('8', 'MemoriaInterna', '500'),
                              ('9', 'RAM', '12'), ('9', 'MemoriaInterna', '1000'), ('10', 'RAM', '16'), ('10', 'MemoriaInterna', '1000'),
                              ('11', 'CapacitaNetta', '430'), ('12', 'CapacitaNetta', '430'),
                              ('13', 'CapacitaNetta', '300'), ('14', 'CapacitaNetta', '300'),
                              ('15', 'CapacitaCestello', '12'), ('16', 'CapacitaCestello', '9');
COMMIT;

BEGIN;
INSERT INTO Lotto(NumProdotti) VALUES ('4'), ('4'), ('4'), ('4'), ('4'), ('4'), ('4'), ('4'), ('4'), ('4'), ('4'), ('4'), ('4'), ('4'), ('4'), ('4'),
									  ('4'), ('4'), ('4'), ('4'), ('4'), ('4'), ('4'), ('4'),
                                      ('3'), ('3'), ('3'), ('3'), ('3'), ('3'), ('3'), ('3'), ('3'), ('3'), ('3'), ('3'), ('3'), ('3'), ('3'), ('3'),
                                      ('3'), ('3'), ('3'), ('3'), ('3'), ('3'), ('3'), ('3'), ('3'), ('3'), ('3'), ('3'), ('3'), ('3'), ('3'), ('3'),
                                      ('3'), ('3'), ('3'), ('3'), ('3'), ('3'), ('3'), ('3');
COMMIT;

BEGIN;
INSERT INTO SequenzaMontaggio(ProdottoElettronico, Tempo) VALUES ('1', '5'), ('1', '6'), ('2', '5'), ('2', '6'), ('3', '5'), ('3', '6'), ('4', '5'), ('4', '6'), ('5', '5'), ('5', '6'),
																 ('6', '5'), ('6', '6'), ('7', '5'), ('7', '6'), ('8', '5'), ('8', '6'), ('9', '5'), ('9', '6'), ('10', '5'), ('10', '6'),
																 ('11', '5'), ('11', '6'), ('12', '5'), ('12', '6'), ('13', '5'), ('13', '6'), ('14', '5'), ('14', '6'), ('15', '5'), ('15', '6'),
																 ('16', '5'), ('16', '6');
COMMIT;

BEGIN;
INSERT INTO LottoProduzione VALUES ('1','1','Pisa','2020-09-12','3','4'), ('2','1','Firenze','2020-10-24','3','3'), ('3','2','Roma','2020-04-16','4','5'), ('4','2','Torino','2020-05-03','4','5'),
								   ('5','3','Pisa','2020-05-10','3','4'), ('6','3','Firenze','2020-07-29','3','3'), ('7','4','Roma','2020-01-06','4','5'), ('8','4','Torino','2020-08-17','4','5'),
                                   ('9','5','Pisa','2020-03-12','3','4'), ('10','5','Firenze','2020-03-26','3','3'), ('11','6','Roma','2020-02-09','4','5'), ('12','6','Torino','2020-04-11','4','5'),
                                   ('13','7','Pisa','2020-09-27','3','4'), ('14','7','Firenze','2020-10-22','3','3'), ('15','8','Roma','2020-04-16','4','5'), ('16','8','Torino','2020-05-13','4','5'),
                                   ('17','9','Pisa','2020-05-12','3','4'), ('18','9','Firenze','2020-07-22','3','3'), ('19','10','Roma','2020-01-16','4','5'), ('20','10','Torino','2020-08-15','4','5'),
                                   ('21','11','Pisa','2020-03-12','3','4'), ('22','11','Firenze','2020-03-23','3','3'), ('23','12','Roma','2020-02-16','4','5'), ('24','12','Torino','2020-04-03','4','5'),
                                   ('25','13','Pisa','2020-09-12','3','4'), ('26','13','Firenze','2020-10-20','3','3'), ('27','14','Roma','2020-05-06','4','5'), ('28','14','Torino','2020-05-03','4','5'),
                                   ('29','15','Pisa','2020-05-12','3','4'), ('30','15','Firenze','2020-07-24','3','3'), ('31','16','Roma','2020-01-10','4','5'), ('32','16','Torino','2020-08-03','4','5'),
                                   ('33','17','Pisa','2020-03-17','3','4'), ('34','17','Firenze','2020-03-21','3','3'), ('35','18','Roma','2020-02-16','4','5'), ('36','18','Torino','2020-04-18','4','5'),
                                   ('37','19','Pisa','2020-09-02','3','4'), ('38','19','Firenze','2020-10-23','3','3'), ('39','20','Roma','2020-04-13','4','5'), ('40','20','Torino','2020-05-21','4','5'),
                                   ('41','21','Pisa','2020-05-05','3','4'), ('42','21','Firenze','2020-07-20','3','3'), ('43','22','Roma','2020-01-03','4','5'), ('44','22','Torino','2020-08-29','4','5'),
                                   ('45','23','Pisa','2020-03-22','3','4'), ('46','23','Firenze','2020-03-24','3','3'), ('47','24','Roma','2020-02-18','4','5'), ('48','24','Torino','2020-04-05','4','5'),
                                   ('49','25','Pisa','2020-05-23','3','4'), ('50','25','Firenze','2020-07-26','3','3'), ('51','26','Roma','2020-01-25','4','5'), ('52','26','Torino','2020-08-13','4','5'),
                                   ('53','27','Pisa','2020-03-30','3','4'), ('54','27','Firenze','2020-03-10','3','3'), ('55','28','Roma','2020-10-07','4','5'), ('56','28','Torino','2020-09-03','4','5'),
                                   ('57','29','Pisa','2020-01-12','3','4'), ('58','29','Firenze','2020-08-24','3','3'), ('59','30','Roma','2020-03-16','4','5'), ('60','30','Torino','2020-02-03','4','5'),
                                   ('61','31','Pisa','2020-10-15','3','4'), ('62','31','Firenze','2020-07-29','3','3'), ('63','32','Roma','2020-03-26','4','5'), ('64','32','Torino','2020-09-12','4','5');
COMMIT;

BEGIN;
INSERT INTO ProdottoSpecifico(ProdottoElettronico, Lotto, AnnoProduzione, MeseProduzione) VALUES ('1', '1', '2020', '09'), ('1', '1', '2020', '09'), ('1', '1', '2020', '09'), ('1', '1', '2020', '09'),
																								 ('1', '2', '2020', '10'), ('1', '2', '2020', '10'), ('1', '2', '2020', '10'), ('1', '2', '2020', '10'),
                                                                                                 ('1', '3', '2020', '04'), ('1', '3', '2020', '04'), ('1', '3', '2020', '04'), ('1', '3', '2020', '04'),
                                                                                                 ('1', '4', '2020', '05'), ('1', '4', '2020', '05'), ('1', '4', '2020', '05'), ('1', '4', '2020', '05'),
                                                                                                 ('2', '5', '2020', '05'), ('2', '5', '2020', '05'), ('2', '5', '2020', '05'), ('2', '5', '2020', '05'),
                                                                                                 ('2', '6', '2020', '07'), ('2', '6', '2020', '07'), ('2', '6', '2020', '07'), ('2', '6', '2020', '07'),
                                                                                                 ('2', '7', '2020', '01'), ('2', '7', '2020', '01'), ('2', '7', '2020', '01'), ('2', '7', '2020', '01'),
                                                                                                 ('2', '8', '2020', '08'), ('2', '8', '2020', '08'), ('2', '8', '2020', '08'), ('2', '8', '2020', '08'),
                                                                                                 ('3', '9', '2020', '03'), ('3', '9', '2020', '03'), ('3', '9', '2020', '03'), ('3', '9', '2020', '03'),
                                                                                                 ('3', '10', '2020', '03'), ('3', '10', '2020', '03'), ('3', '10', '2020', '03'), ('3', '10', '2020', '03'),
                                                                                                 ('3', '11', '2020', '02'), ('3', '11', '2020', '02'), ('3', '11', '2020', '02'), ('3', '11', '2020', '02'),
                                                                                                 ('3', '12', '2020', '04'), ('3', '12', '2020', '04'), ('3', '12', '2020', '04'), ('3', '12', '2020', '04'),
                                                                                                 ('4', '13', '2020', '09'), ('4', '13', '2020', '09'), ('4', '13', '2020', '09'), ('4', '13', '2020', '09'),
																								 ('4', '14', '2020', '10'), ('4', '14', '2020', '10'), ('4', '14', '2020', '10'), ('4', '14', '2020', '10'),
                                                                                                 ('4', '15', '2020', '04'), ('4', '15', '2020', '04'), ('4', '15', '2020', '04'), ('4', '15', '2020', '04'),
                                                                                                 ('4', '16', '2020', '05'), ('4', '16', '2020', '05'), ('4', '16', '2020', '05'), ('4', '16', '2020', '05'),
                                                                                                 ('5', '17', '2020', '05'), ('5', '17', '2020', '05'), ('5', '17', '2020', '05'), ('5', '17', '2020', '05'),
                                                                                                 ('5', '18', '2020', '07'), ('5', '18', '2020', '07'), ('5', '18', '2020', '07'), ('5', '18', '2020', '07'),
                                                                                                 ('5', '19', '2020', '01'), ('5', '19', '2020', '01'), ('5', '19', '2020', '01'), ('5', '19', '2020', '01'),
                                                                                                 ('5', '20', '2020', '08'), ('5', '20', '2020', '08'), ('5', '20', '2020', '08'), ('5', '20', '2020', '08'),
																								 ('6', '21', '2020', '03'), ('6', '21', '2020', '03'), ('6', '21', '2020', '03'), ('6', '21', '2020', '03'),
                                                                                                 ('6', '22', '2020', '03'), ('6', '22', '2020', '03'), ('6', '22', '2020', '03'), ('6', '22', '2020', '03'),
                                                                                                 ('6', '23', '2020', '02'), ('6', '23', '2020', '02'), ('6', '23', '2020', '02'), ('6', '23', '2020', '02'),
                                                                                                 ('6', '24', '2020', '04'), ('6', '24', '2020', '04'), ('6', '24', '2020', '04'), ('6', '24', '2020', '04'),
                                                                                                 ('7', '25', '2020', '09'), ('7', '25', '2020', '09'), ('7', '25', '2020', '09'), 
																								 ('7', '26', '2020', '10'), ('7', '26', '2020', '10'), ('7', '26', '2020', '10'), 
                                                                                                 ('7', '27', '2020', '04'), ('7', '27', '2020', '04'), ('7', '27', '2020', '04'),
                                                                                                 ('7', '28', '2020', '05'), ('7', '28', '2020', '05'), ('7', '28', '2020', '05'),
                                                                                                 ('8', '29', '2020', '05'), ('8', '29', '2020', '05'), ('8', '29', '2020', '05'), 
                                                                                                 ('8', '30', '2020', '07'), ('8', '30', '2020', '07'), ('8', '30', '2020', '07'),
                                                                                                 ('8', '31', '2020', '01'), ('8', '31', '2020', '01'), ('8', '31', '2020', '01'),
                                                                                                 ('8', '32', '2020', '08'), ('8', '32', '2020', '08'), ('8', '32', '2020', '08'),
                                                                                                 ('9', '33', '2020', '03'), ('9', '33', '2020', '03'), ('9', '33', '2020', '03'),
                                                                                                 ('9', '34', '2020', '03'), ('9', '34', '2020', '03'), ('9', '34', '2020', '03'),
                                                                                                 ('9', '35', '2020', '02'), ('9', '35', '2020', '02'), ('9', '35', '2020', '02'),
                                                                                                 ('9', '36', '2020', '04'), ('9', '36', '2020', '04'), ('9', '36', '2020', '04'), 
                                                                                                 ('10', '37', '2020', '09'), ('10', '37', '2020', '09'), ('10', '37', '2020', '09'),
																								 ('10', '38', '2020', '10'), ('10', '38', '2020', '10'), ('10', '38', '2020', '10'),
                                                                                                 ('10', '39', '2020', '04'), ('10', '39', '2020', '04'), ('10', '39', '2020', '04'),
                                                                                                 ('10', '40', '2020', '05'), ('10', '40', '2020', '05'), ('10', '40', '2020', '05'),
                                                                                                 ('11', '41', '2020', '05'), ('11', '41', '2020', '05'), ('11', '41', '2020', '05'),
                                                                                                 ('11', '42', '2020', '07'), ('11', '42', '2020', '07'), ('11', '42', '2020', '07'),
                                                                                                 ('11', '43', '2020', '01'), ('11', '43', '2020', '01'), ('11', '43', '2020', '01'),
                                                                                                 ('11', '44', '2020', '08'), ('11', '44', '2020', '08'), ('11', '44', '2020', '08'),
																								 ('12', '45', '2020', '03'), ('12', '45', '2020', '03'), ('12', '45', '2020', '03'), 
                                                                                                 ('12', '46', '2020', '03'), ('12', '46', '2020', '03'), ('12', '46', '2020', '03'), 
                                                                                                 ('12', '47', '2020', '02'), ('12', '47', '2020', '02'), ('12', '47', '2020', '02'),
                                                                                                 ('12', '48', '2020', '04'), ('12', '48', '2020', '04'), ('12', '48', '2020', '04'), 
                                                                                                 ('13', '49', '2020', '05'), ('13', '49', '2020', '05'), ('13', '49', '2020', '05'),
                                                                                                 ('13', '50', '2020', '07'), ('13', '50', '2020', '07'), ('13', '50', '2020', '07'),
                                                                                                 ('13', '51', '2020', '01'), ('13', '51', '2020', '01'), ('13', '51', '2020', '01'),
                                                                                                 ('13', '52', '2020', '08'), ('13', '52', '2020', '08'), ('13', '52', '2020', '08'), 
                                                                                                 ('14', '53', '2020', '03'), ('14', '53', '2020', '03'), ('14', '53', '2020', '03'),
                                                                                                 ('14', '54', '2020', '03'), ('14', '54', '2020', '03'), ('14', '54', '2020', '03'),
                                                                                                 ('14', '55', '2020', '10'), ('14', '55', '2020', '10'), ('14', '55', '2020', '10'),
                                                                                                 ('14', '56', '2020', '09'), ('14', '56', '2020', '09'), ('14', '56', '2020', '09'),
                                                                                                 ('15', '57', '2020', '01'), ('15', '57', '2020', '01'), ('15', '57', '2020', '01'),
                                                                                                 ('15', '58', '2020', '08'), ('15', '44', '2020', '08'), ('15', '44', '2020', '08'),
                                                                                                 ('15', '59', '2020', '03'), ('15', '45', '2020', '03'), ('15', '45', '2020', '03'),
                                                                                                 ('15', '60', '2020', '02'), ('15', '60', '2020', '02'), ('15', '60', '2020', '02'),
                                                                                                 ('16', '61', '2020', '10'), ('16', '61', '2020', '10'), ('16', '61', '2020', '10'),
                                                                                                 ('16', '62', '2020', '07'), ('16', '62', '2020', '07'), ('16', '62', '2020', '07'),
                                                                                                 ('16', '63', '2020', '03'), ('16', '63', '2020', '03'), ('16', '63', '2020', '03'),
                                                                                                 ('16', '64', '2020', '09'), ('16', '64', '2020', '09'), ('16', '64', '2020', '09');																								
COMMIT;

BEGIN;
INSERT INTO Operatore VALUES (), (), (), (), (), (), (), (), (), (), (), (), (), (), (), (), (), (), (), ();
COMMIT;

BEGIN;
INSERT INTO StazioneMontaggio(Operatore, OrientazioneProdotto)
VALUES ('1', '1'), ('2', '2'), ('3', '1'), ('4', '2'), ('5', '1'), ('6', '2'), ('7', '1'), ('8', '2'), ('9', '1'), ('10', '2'), ('11', '1'), ('12', '2'), 
	   ('4', '2'), ('3', '1'), ('2', '2'), ('1', '1'), ('20', '2'), ('19', '1'), ('18', '2'), ('17', '1'), ('16', '2'), ('15', '1'), ('14', '2'), ('13', '1'), 
       ('5', '1'), ('6', '2'), ('7', '1'), ('8', '2'), ('9', '1'), ('10', '2'), ('11', '1'), ('12', '2'), ('13', '1'), ('14', '2'), ('15', '1'), ('16', '2'), 
       ('8', '1'), ('7', '4'), ('6', '1'), ('5', '4'), ('4', '1'), ('3', '4'), ('2', '1'), ('1', '4'), ('20', '1'), ('19', '4'), ('18', '1'), ('17', '4'), 
       ('9', '2'), ('10', '3'), ('11', '2'), ('12', '3'), ('13', '2'), ('14', '3'), ('15', '2'), ('16', '3'), ('17', '2'), ('18', '3'), ('19', '2'), ('20', '3'), 
       ('12', '1'), ('11', '4'), ('10', '5'), ('9', '2'), ('8', '3'), ('7', '6'), ('6', '1'), ('5', '4'), ('4', '5'), ('3', '2'), ('2', '3'), ('1', '6'), 
       ('13', '2'), ('14', '3'), ('15', '6'), ('16', '1'), ('17', '4'), ('18', '5'), ('19', '2'), ('20', '3'), ('1', '6'), ('2', '1'), ('3', '4'), ('4', '5'), 
       ('16', '1'), ('15', '2'), ('14', '3'), ('13', '4'), ('12', '5'), ('11', '6'), ('10', '1'), ('9', '2'), ('8', '3'), ('7', '4'), ('6', '5'), ('5', '6'); 
COMMIT;

BEGIN;
INSERT INTO UnitaPersa(Lotto, Stazione, OperazioniStazione) VALUES ('1', '1', '3'), ('1', '3', '1'), ('2', '2', '2'), ('2', '2', '2'), ('3', '4', '4'), ('3', '5', '2'), ('4', '5', '3'), ('4', '6', '5'), 
																   ('5', '8', '2'), ('5', '9', '4'), ('6', '7', '3'), ('6', '8', '5'), ('7', '10', '4'), ('7', '11', '2'), ('8', '11', '4'), ('8', '11', '4'),
                                                                   ('9', '14', '3'), ('9', '15', '1'), ('10', '13', '3'), ('10', '15', '4'), ('11', '18', '2'), ('11', '18', '3'), ('12', '16', '4'), ('12', '17', '1'),
                                                                   ('13', '19', '3'), ('13', '20', '5'), ('14', '20', '2'), ('14', '21', '3'), ('15', '23', '4'), ('16', '24', '2'), ('17', '25', '3'), ('17', '26', '3'),
                                                                   ('18', '25', '5'), ('18', '27', '2'), ('19', '28', '4'), ('19', '29', '2'), ('20', '30', '1'), ('20', '30', '2'), ('21', '31', '4'), ('21', '32', '2'),
                                                                   ('22', '32', '3'), ('22', '32', '4'), ('22', '32', '4'), ('23', '35', '2'), ('24', '36', '4'), ('25', '37', '3'), ('25', '38', '5'), ('26', '39', '1'),
                                                                   ('27', '40', '1'), ('27', '41', '3'), ('28', '40', '2'), ('28', '41', '3'), ('29', '44', '1'), ('29', '45', '4'), ('30', '43', '4'), ('30', '44', '2'),
                                                                   ('31', '46', '3'), ('31', '47', '4'), ('32', '47', '1'), ('33', '50', '4'), ('33', '51', '2'), ('34', '49', '3'), ('34', '50', '1'), ('35', '54', '4'),
                                                                   ('36', '52', '4'), ('36', '54', '3'), ('37', '55', '2'), ('37', '56', '4'), ('38', '56', '5'), ('38', '57', '2'), ('39', '59', '4'), ('39', '60', '5'),
                                                                   ('40', '59', '2'), ('40', '59', '4'), ('41', '58', '5'), ('41', '60', '3'), ('42', '62', '4'), ('42', '63', '3'), ('43', '64', '5'), ('44', '65', '3'),
                                                                   ('44', '66', '4'), ('45', '67', '2'), ('45', '68', '3'), ('46', '67', '5'), ('46', '69', '3'), ('47', '71', '5'), ('48', '72', '3'), ('48', '72', '3'),
                                                                   ('49', '74', '3'), ('49', '75', '4'), ('50', '73', '5'), ('50', '75', '3'), ('51', '76', '4'), ('52', '76', '3'), ('52', '76', '4'), ('53', '81', '5'),
                                                                   ('54', '80', '5'), ('54', '81', '3'), ('55', '83', '4'), ('55', '84', '5'), ('56', '82', '3'), ('56', '83', '5'), ('57', '85', '2'), ('57', '87', '4'),
                                                                   ('58', '86', '4'), ('58', '86', '5'), ('59', '89', '3'), ('59', '90', '4'), ('60', '88', '5'), ('60', '90', '4'), ('61', '91', '3'), ('61', '92', '5'),
                                                                   ('62', '91', '4'), ('63', '95', '1');
COMMIT;

BEGIN;
INSERT INTO OrganizzazioneM VALUES ('1', '1', '1'), ('1', '2', '2'), ('1', '3', '3'), ('2', '4', '1'), ('2', '5', '2'), ('2', '6', '3'), ('3', '7', '1'), ('3', '8', '2'), ('3', '9', '3'), ('4', '10', '1'), ('4', '11', '2'), ('4', '12', '3'), 
								   ('8', '13', '1'), ('8', '14', '2'), ('8', '15', '3'), ('7', '16', '1'), ('7', '17', '2'), ('7', '18', '3'), ('6', '19', '1'), ('6', '20', '2'), ('6', '21', '3'), ('5', '22', '1'), ('5', '23', '2'), ('5', '24', '3'),
                                   ('9', '25', '1'), ('9', '26', '2'), ('9', '27', '3'), ('10', '28', '1'), ('10', '29', '2'), ('10', '30', '3'), ('11', '31', '1'), ('11', '32', '2'), ('11', '33', '3'), ('12', '34', '1'), ('12', '35', '2'), ('12', '36', '3'),  
                                   ('16', '37', '1'), ('16', '38', '2'), ('16', '39', '3'), ('15', '40', '1'), ('15', '41', '2'), ('15', '42', '3'), ('14', '43', '1'), ('14', '44', '2'), ('14', '45', '3'), ('13', '46', '1'), ('13', '47', '2'), ('13', '48', '3'),  
                                   ('17', '49', '1'), ('17', '50', '2'), ('17', '51', '3'), ('18', '52', '1'), ('18', '53', '2'), ('18', '54', '3'), ('19', '55', '1'), ('19', '56', '2'), ('19', '57', '3'), ('20', '58', '1'), ('20', '59', '2'), ('20', '60', '3'),  
                                   ('24', '61', '1'), ('24', '62', '2'), ('24', '63', '3'), ('23', '64', '1'), ('23', '65', '2'), ('23', '66', '3'), ('22', '67', '1'), ('22', '68', '2'), ('22', '69', '3'), ('21', '70', '1'), ('21', '71', '2'), ('21', '72', '3'),  
                                   ('25', '73', '1'), ('25', '74', '2'), ('25', '75', '3'), ('26', '76', '1'), ('26', '77', '2'), ('26', '78', '3'), ('27', '79', '1'), ('27', '80', '2'), ('27', '81', '3'), ('28', '82', '1'), ('28', '83', '2'), ('28', '84', '3'),  
                                   ('32', '85', '1'), ('32', '86', '2'), ('32', '87', '3'), ('31', '88', '1'), ('31', '89', '2'), ('31', '90', '3'), ('30', '91', '1'), ('30', '92', '2'), ('30', '93', '3'), ('29', '94', '1'), ('29', '95', '2'), ('29', '96', '3'); 
COMMIT;

BEGIN;
INSERT INTO CodicePostale VALUES ('00101', 'Roma', 'Roma'), ('00102', 'Tivoli', 'Roma'), ('00103', 'Fiumicino', 'Roma'), ('00104', 'Civitavecchia', 'Roma'), 
								 ('10101', 'Torino', 'Torino'), ('10102', 'Vinovo', 'Torino'), ('20001', 'Milano', 'Milano'), ('20002', 'Legnano', 'Milano'),
								 ('40101', 'Bologna', 'Bologna'), ('40102', 'Imola', 'Bologna'), ('50101', 'Firenze', 'Firenze'), ('50102', 'Empoli', 'Firenze'), 
                                 ('50103', 'Fiesole', 'Firenze'), ('56101', 'Pisa', 'Pisa'), ('56102', 'Cascina', 'Pisa'), ('56103', 'Calci', 'Pisa'),
                                 ('56104', 'Ponsacco', 'Pisa'), ('80101', 'Napoli', 'Napoli');
COMMIT;

BEGIN;
INSERT INTO Indirizzo(CAP, Via, Numero)
VALUES ('00101', 'Via Roma', '1'), ('00101', 'Via Giovanni Pascoli', '14'), ('00102', 'Via Diotisalvi', '15'), ('00103', 'Via Prinetti', '28'), ('00104', 'Via Giovanni Verga', '29'), 
	   ('10101', 'Via Mazzini', '2'), ('10101', 'Via Giovanni Pisano', '13'), ('10101', 'Via San Francesco', '16'), ('10102', 'Via Olivetti', '27'), ('10102', 'Via Garibaldi', '30'),  
	   ('20001', 'Via Crispi', '3'), ('20001', 'Via Napoli', '12'), ('20001', 'Via Traini', '17'), ('20002', 'Via Pardi', '26'), ('20002', 'Via Carducci', '31'), 
	   ('40101', 'Via Benedetto Croce', '4'), ('40101', 'Via Torino', '11'), ('40101', 'Via Santa Marta', '18'), ('40102', 'Via Masaccio', '25'), ('40102', 'Via Firenze', '32'), 
	   ('50101', 'Via 24 Maggio', '5'), ('50101', 'Via Londra', '10'), ('50102', 'Via Santo Stefano', '19'), ('50102', 'Via Bonanno Pisano', '24'), ('50103', 'Via San Frediano', '33'), 
	   ('56101', 'Via 25 Aprile', '6'), ('56101', 'Via Parigi', '9'), ('56102', 'Via Milano', '20'), ('56103', 'Via Giunta Pisano', '23'), ('56104', 'Via San Girolamo', '34'), 
	   ('80101', 'Via 1 Maggio', '7'), ('80101', 'Via Santa Barbara', '8'), ('80101', 'Via Viola', '21'), ('80101', 'Via Andrea Pisano', '22'), ('80101', 'Via San Nicola', '35');
COMMIT;

BEGIN;
INSERT INTO Documento VALUES ('Carta Identita', 'AB00000CD', 'Comune di Pisa', '2027-11-23'), ('Patente di guida', 'A0A000000B', 'Motorizzazione di Bologna', '2025-07-14'), ('Passaporto', 'AB0001234', 'Ministero degli affari esteri', '2028-03-03'), ('Carta Identita', 'BC00411DE', 'Comune di Calci', '2021-02-10'), ('Patente nautica', '123330', 'Ministero delle infrastrutture e dei trasporti', '2024-08-12'), 
							 ('Carta Identita', 'EF00001GH', 'Comune di Torino', '2022-04-07'), ('Patente di guida', 'C0A093478D', 'Motorizzazione di Milano', '2026-10-25'), ('Passaporto', 'CD0982347', 'Ministero degli affari esteri', '2029-04-01'), ('Carta Identita', 'FG00412HI', 'Comune di Cascina', '2022-02-01'), ('Patente nautica', '123345', 'Ministero delle infrastrutture e dei trasporti', '2028-09-22'), 
                             ('Carta Identita', 'IJ00002KL', 'Comune di Imola', '2023-04-13'), ('Patente di guida', 'E4F354682G', 'Motorizzazione di Pisa', '2027-08-22'), ('Passaporto', 'EF3465872', 'Ministero degli affari esteri', '2030-06-15'), ('Carta Identita', 'JK00413LM', 'Comune di Pisa', '2023-01-10'), ('Patente nautica', '654387', 'Ministero delle infrastrutture e dei trasporti', '2022-06-18'), 
                             ('Carta Identita', 'MN00031OP', 'Comune di Legnano', '2024-12-02'), ('Patente di guida', 'H7I018375J', 'Motorizzazione di Firenze', '2028-12-19'), ('Passaporto', 'GH2838763', 'Ministero degli affari esteri', '2021-11-03'), ('Carta Identita', 'NO00590PQ', 'Comune di Vinovo', '2024-12-25'), ('Patente nautica', '197654', 'Ministero delle infrastrutture e dei trasporti', '2023-07-18'), 
                             ('Carta Identita', 'QR00032ST', 'Comune di Ponsacco', '2025-09-09'), ('Patente di guida', 'K9L925739M', 'Motorizzazione di Napoli', '2029-05-19'), ('Passaporto', 'IJ1245097', 'Ministero degli affari esteri', '2022-02-05'), ('Carta Identita', 'RS00567TU', 'Comune di Fiesole', '2025-01-03'), ('Patente nautica', '509873', 'Ministero delle infrastrutture e dei trasporti', '2024-07-28'), 
                             ('Carta Identita', 'UV00033WX', 'Comune di Empoli', '2026-06-05'), ('Patente di guida', 'N5O098237P', 'Motorizzazione di Roma', '2030-05-13'), ('Passaporto', 'KL4587124', 'Ministero degli affari esteri', '2023-11-04'), ('Carta Identita', 'VW01236XY', 'Comune di Milano', '2026-10-24'), ('Patente nautica', '465980', 'Ministero delle infrastrutture e dei trasporti', '2025-12-23'), 
                             ('Carta Identita', 'YZ00410ZA', 'Comune di Civitavecchia', '2028-11-23'), ('Patente di guida', 'Q5R658734S', 'Motorizzazione di Torino', '2021-05-21'), ('Passaporto', 'MN0967985', 'Ministero degli affari esteri', '2024-09-15'), ('Carta Identita', 'ZA16936BC', 'Comune di Fiumicino', '2027-04-15'), ('Patente nautica', '326598', 'Ministero delle infrastrutture e dei trasporti', '2021-11-14');
COMMIT;

BEGIN;
INSERT INTO Account VALUES ('Olon18', 'q12we34r', 'Colore preferito?', 'Rosso', '2015-12-06'), ('LWhite', '8wu3yr64', 'Citta Preferita?', 'Pisa', '2015-04-23'), ('MBagag', '84ur7tu6', 'Musica preferita?', 'Rock', '2015-02-15'), ('Physis', '3e4e5t7t', 'Sport preferito?', 'Calcio', '2015-03-13'), ('Seba30', '1qw23er4', 'Animale domestico?', 'Cane', '2015-01-07'), 
						   ('PCorte', '5ty67ui8', 'Colore preferito?', 'Giallo', '2016-08-26'), ('Pianta', '8u6t5r3w', 'Citta Preferita?', 'Parigi', '2016-02-03'), ('Spillo', '1029qowi', 'Musica preferita?', 'Rock', '2016-02-20'), ('SonUgo', '12we34tr', 'Sport preferito?', 'Pallavolo', '2016-06-08'), ('BigFab', '3er45ty6', 'Animale domestico?', 'Cane', '2016-03-20'), 
                           ('FedeZ0', '9op01qw2', 'Colore preferito?', 'Viola', '2017-02-20'), ('Ragno0', '2w4r6y8i', 'Citta Preferita?', 'Londra', '2017-12-20'), ('Nico23', '0q1o2iw9', 'Musica preferita?', 'Indie', '2017-09-27'), ('EleFer', '43re76iu', 'Sport preferito?', 'Basket', '2017-08-19'), ('Muro06', '7uy65tr4', 'Animale domestico?', 'Gatto', '2017-10-01'), 
                           ('Ferry0', '3er45ty6', 'Colore preferito?', 'Rosa', '2018-10-07'), ('GreenM', '1q3e5t7u', 'Citta Preferita?', 'Berlino', '2018-05-13'), ('Gata37', '8e3u47yr', 'Musica preferita?', 'Pop', '2018-02-25'), ('EcoEco', '7698trew', 'Sport preferito?', 'Atletica', '2018-01-01'), ('Tany09', '9i2w8u3e', 'Animale domestico?', 'Cane', '2018-06-18'), 
                           ('MarRed', '7ui89op0', 'Colore preferito?', 'Verde', '2019-12-01'), ('GRiver', '0p8i6u4r', 'Citta Preferita?', 'Farnocchia', '2019-06-23'), ('Espo2M', '8u6t4e2q', 'Musica preferita?', 'Blues', '2019-08-30'), ('SadLeo', '4e7y0ow3', 'Sport preferito?', 'Calcio', '2019-01-09'), ('VVinco', '8ue37y4r', 'Animale domestico?', 'Coniglio', '2019-04-03'), 
                           ('Giacio', '1qw23er4', 'Colore preferito?', 'Blu', '2020-05-08'), ('PelleF', '9o7u5t3e', 'Citta Preferita?', 'New York', '2020-08-07'), ('Clau34', '7y5r6y9i', 'Musica preferita?', 'Rock', '2020-09-17'), ('Svengo', 'yt5r8u43', 'Sport preferito?', 'Nuoto', '2020-09-03'), ('SGama1', '6t5t5r7u', 'Animale domestico?', 'Gatto', '2020-03-31'), 
                           ('ZioPep', '5ty67ui8', 'Colore preferito?', 'Turchese', '2017-02-05'), ('AttaLu', 'jhsdoi87', 'Citta Preferita?', 'Buenos Aires', '2018-03-02'), ('MaryCa', '4e3w5r76', 'Musica preferita?', 'Pop', '2019-10-26'), ('PaoRed', '546t7u9i', 'Sport preferito?', 'Basket', '2020-11-15'), ('Elsa12', '0o8i8y5t', 'Animale domestico?', 'Criceto', '2015-06-30');
COMMIT;

BEGIN;
INSERT INTO Ordine(Account, DataOrdine, Stato)
VALUES ('Olon18', '2017-05-18', 'Evaso'), ('Olon18', '2020-08-22', 'Pendente'), ('FedeZ0', '2017-07-12', 'Evaso'), ('FedeZ0', '2020-11-5', 'Pendente'), 
	   ('MarRed', '2020-03-22', 'Pendente'), ('MarRed', NULL, 'Carrello'), ('ZioPep', '2019-04-12', 'Evaso'), ('ZioPep', '2020-10-24', 'Pendente'), 
       ('Pianta', '2018-02-03', 'Evaso'), ('Pianta', '2019-12-30', 'In processazione'), ('GreenM', '2019-08-26', 'Evaso'), ('GreenM', NULL, 'Carrello'), 
	   ('AttaLu', '2019-09-15', 'Evaso'), ('AttaLu', '2020-06-18', 'Pendente'), ('Spillo', '2018-04-23', 'Evaso'), ('Spillo', '2019-02-28', 'Spedito'),
	   ('Gata37', '2018-06-23', 'Evaso'), ('Gata37', NULL, 'Carrello'), ('Physis', '2016-03-12', 'Evaso'), ('Physis', '2020-10-23', 'In preparazione'),
       ('EleFer', '2019-01-03', 'Evaso'), ('PaoRed', '2019-12-29', 'In preparazione'), ('Seba30', '2016-04-23', 'Evaso'), ('Muro06', '2018-10-04', 'Spedito'),
       ('Elsa12', '2017-06-18', 'Evaso'), ('PCorte', NULL, 'Carrello'), ('Ferry0', '2019-09-05', 'Evaso'), ('Ragno0', '2018-03-24', 'In preparazione'),
       ('LWhite', '2015-08-20', 'Evaso'), ('Nico23', '2018-02-20', 'In preparazione');
COMMIT;

BEGIN;
INSERT INTO Selezionato VALUES ('1', '1', '1', '499'), ('5', '16', '1', '949'), ('6', '1', '1', NULL), ('10', '16', '1', '949'), ('11', '1', '1', '499'), ('15', '16', '1', '949'), 
							   ('1', '15', '1','1799'), ('5', '1', '1', '499'), ('6', '15', '1', NULL), ('10', '1', '1', '499'), ('11', '15', '1', '1799'), ('15', '1', '1', '499'), 
                               ('2', '2', '1', '549'), ('4', '14', '1', '829'), ('7', '2', '1', '549'), ('9', '14', '1', '829'), ('12', '2', '1', NULL), ('14', '14', '1', '829'), 
                               ('2', '13', '1', '779'), ('4', '3', '1', '599'), ('7', '13', '1', '779'), ('9', '3', '1', '599'), ('12', '13', '1', NULL), ('14', '3', '1', '599'),
                               ('3', '4', '1', '649'), ('3', '12', '1', '2049'), ('8', '4', '1', '649'), ('8', '12', '1', '2049'), ('13', '4', '1', '649'),  ('13', '12', '1', '2049'),
                               ('16', '11', '1', '1999'), ('20', '5', '1', '399'), ('21', '11', '1', '1999'), ('25', '5', '1', '399'), ('26', '11', '1', NULL), ('30', '5', '1', '399'), 
                               ('16', '6', '1', '449'), ('20', '10', '1', '1279'), ('21', '6', '1', '449'), ('25', '10', '1', '1279'), ('26', '6', '1', NULL), ('30', '10', '1', '1279'), 
                               ('17', '9', '2', '1229'), ('19', '7', '1', '1149'), ('22', '9', '2', '1229'), ('24', '7', '1', '1149'), ('27', '9', '2', '1229'), ('29', '7', '1', '1149'), 
							   ('19', '8', '1', '1159'), ('24', '8', '1', '1159'), ('29', '8', '1', '1159'), 
                               ('18', '8', '1', NULL), ('18', '7', '1', NULL), ('23', '8', '1', '1159'), ('23', '7', '1', '1149'), ('28', '8', '1', '1159'), ('28', '7', '1', '1149');
COMMIT;

BEGIN;
INSERT INTO Ordinazione VALUES ('1', '0000000001'), ('10', '0000000215'), ('11', '0000000003'), ('15', '0000000214'), 
							   ('1', '0000000204'), ('10', '0000000005'), ('11', '0000000202'), ('15', '0000000006'), 
							   ('7', '0000000018'), ('9', '0000000191'), ('14', '0000000190'), 
                               ('7', '0000000179'), ('9', '0000000034'), ('14', '0000000035'), 
                               ('3', '0000000049'), ('3', '0000000168'), ('13', '0000000051'), ('13', '0000000166'),
                               ('16', '0000000156'), ('20', '0000000065'), ('21', '0000000155'), ('25', '0000000066'), ('30', '0000000067'), 
                               ('16', '0000000081'), ('20', '0000000144'), ('21', '0000000082'), ('25', '0000000143'), ('30', '0000000142'), 
                               ('17', '0000000132'), ('19', '0000000097'), ('22', '0000000131'), ('24', '0000000098'), ('27', '0000000130'), ('29', '0000000099'), 
                               ('17', '0000000121'), ('19', '0000000120'), ('22', '0000000122'), ('24', '0000000119'), ('27', '0000000123'), ('29', '0000000118'), 
							   ('23', '0000000110'), ('23', '0000000107'), ('28', '0000000111'), ('28', '0000000106');
COMMIT;

BEGIN;
INSERT INTO CartaPagamento VALUES ('Visa', '1029 3948 7665 3839', 'Niccolo', 'Amato', '2023', '01'), ('MasterCard', '4839 9275 7463 2894', 'Alessandro', 'Altobelli', '2024', '06'), ('Diners', '0192 8374 6547 3829', 'Laura', 'Bianchi', '2025', '11'), ('American Express', '1325 3647 5869 1426', 'Paola', 'Cortellesi', '2028', '04'), 
								  ('Visa', '0192 3847 4782 9164', 'Salvatore', 'Esposito', '2024', '02'), ('MasterCard', '4252 4577 8274 5678', 'Nicolo', 'Barella', '2025', '07'), ('Diners', '0293 8475 6102 9348', 'Alice', 'Piantadosi', '2026', '12'), ('American Express', '3748 5960 1526 3748', 'Federico', 'Lucia', '2027', '05'), 
                                  ('Visa', '7382 9478 4253 8475', 'Piero', 'Morante', '2023', '03'), ('MasterCard', '1029 4638 9485 0987', 'Gaetano', 'Masucci', '2026', '08'), ('Diners', '9182 7364 5546 8932', 'Walter', 'Zenga', '2027', '01'), ('American Express', '5960 1627 3849 5061', 'Chiara', 'Ferragni', '2028', '06'), 
                                  ('Visa', '4526 7485 9383 6272', 'Paolo', 'Cannavaro', '2024', '04'), ('MasterCard', '7385 9485 3674 8595', 'Marica', 'Branchesi', '2025', '09'), ('Diners', '0137 3957 6284 2874', 'Matteo', 'Verdi', '2028', '02'), ('American Express', '7283 9405 7182 9304', 'Mario', 'Rossi', '2022', '11'), 
                                  ('Visa', '7584 7384 9282 7162', 'Francesca', 'Rossi', '2023', '05'), ('MasterCard', '1029 5674 3895 6374', 'Elena', 'Ferrante', '2026', '10'), ('Diners', '0293 7485 0294 9576', 'Luca', 'Attanasio', '2027', '03'), ('American Express', '2143 6587 0998 7665', 'Giuseppe', 'Bergomi', '2023', '12');
COMMIT;

BEGIN;
INSERT INTO Garanzia(ClasseGuasti, EstensioneMesi, Costo) VALUES ('Standard', '36', '59'), ('Caduta accidentale', '12', '99'), ('Caduta accidentale', '24', '129'), ('Virus informatico', '36', '79');
COMMIT;

BEGIN;
INSERT INTO Estensione(ProdottoSpecifico, Garanzia) VALUES ('204', '1'), ('6', '2'), ('51', '3'), ('98', '4');
COMMIT;

BEGIN;
INSERT INTO Motivazione(Nome) VALUES ('Acquistato per errore'), ('Prestazioni o qualità non adeguate'), ('Articolo danneggiato'), ('Articolo difettoso'), ('Articolo non necessario'), ('Componenti mancanti');
COMMIT;

BEGIN;
INSERT INTO Recensione(ProdottoSpecifico, Voto) 
VALUES ('1', '3'), ('142', '4'), ('180', '5'), ('49', '5'), ('192', '3'), ('4', '4'), 
       ('203', '4'), ('18', '3'), ('167', '5'), ('34', '5'), ('215', '4'), ('3', '3'), 
       ('178', '5'), ('51', '5'), ('190', '3'), ('6', '4'), ('156', '5'), ('121', '5'), 
       ('109', '5'), ('97', '5'), ('144', '4'), ('82', '3'), ('131', '5'), ('107', '5'), 
       ('119', '3'), ('66', '4'), ('154', '5'), ('123', '5'), ('111', '3'), ('99', '4');
COMMIT;

BEGIN;
INSERT INTO Sintomo VALUES (),(),(),(),(),(),(),(),(),(),(),(),(),(),(),(),(),(),(),(),(),(),(),(),(),(),(),(),(),(),(),(),(),(),(),(),(),(),(),();
COMMIT;

BEGIN;
INSERT INTO Rimedio VALUES (),(),(),(),(),(),(),(),(),(),(),(),(),(),(),(),(),(),(),(),(),(),(),(),(),(),(),(),(),(),(),(),(),(),(),();
COMMIT; 

BEGIN;
INSERT INTO RicevutaFiscale(Ordine, TipoCarta, NumeroCarta) 
VALUES ('1', 'American Express', '1325 3647 5869 1426'), ('11', 'MasterCard', '1029 4638 9485 0987'), ('16', 'Visa', '7382 9478 4253 8475'), ('21', 'American Express', '2143 6587 0998 7665'), 
	   ('2', 'Diners', '9182 7364 5546 8932'), ('7', 'MasterCard', '1029 5674 3895 6374'), ('17', 'American Express', '3748 5960 1526 3748'), ('22', 'Diners', '0293 8475 6102 9348'), 
       ('3', 'MasterCard', '4252 4577 8274 5678'), ('8', 'Visa', '1029 3948 7665 3839'), ('13', 'American Express', '5960 1627 3849 5061'), ('23', 'MasterCard', '7385 9485 3674 8595'), 
       ('4', 'Visa', '1029 3948 7665 3839'), ('9', 'American Express', '7283 9405 7182 9304'), ('14', 'Diners', '0293 7485 0294 9576'), ('19', 'MasterCard', '4839 9275 7463 2894'), ('24', 'Visa', '1029 3948 7665 3839'), 
       ('5', 'Diners', '0137 3957 6284 2874'), ('10', 'Visa', '0192 3847 4782 9164'), ('15', 'American Express', '1325 3647 5869 1426'), ('20', 'Diners', '9182 7364 5546 8932'), ('25', 'Diners', '0192 8374 6547 3829'),
       ('27', 'American Express', '3748 5960 1526 3748'), ('28', 'American Express', '1325 3647 5869 1426'), ('29', 'Diners', '0293 7485 0294 9576'), ('30', 'Visa', '4526 7485 9383 6272');
COMMIT;
